temp_C,duration_min,survival,age_days,setting,heat_type,species,reference,species_full,notes,status,pop_id
48.8,1,1,14 to 28,greenhouse,dry water bath,PIPO,Seidel 1986,Pinus ponderosa,"",1,1
48.8,5,0.92,14 to 28,greenhouse,dry water bath,PIPO,Seidel 1986,Pinus ponderosa,"",1,1
48.8,10,0.94,14 to 28,greenhouse,dry water bath,PIPO,Seidel 1986,Pinus ponderosa,"",1,1
48.8,20,0.87,14 to 28,greenhouse,dry water bath,PIPO,Seidel 1986,Pinus ponderosa,"",1,1
48.8,30,0.9,14 to 28,greenhouse,dry water bath,PIPO,Seidel 1986,Pinus ponderosa,"",1,1
48.8,60,0.93,14 to 28,greenhouse,dry water bath,PIPO,Seidel 1986,Pinus ponderosa,"",1,1
48.8,180,1,14 to 28,greenhouse,dry water bath,PIPO,Seidel 1986,Pinus ponderosa,"",1,1
48.8,300,0.5,14 to 28,greenhouse,dry water bath,PIPO,Seidel 1986,Pinus ponderosa,"",1,1
51.8,1,0.92,14 to 28,greenhouse,dry water bath,PIPO,Seidel 1986,Pinus ponderosa,"",1,2
51.8,5,0.57,14 to 28,greenhouse,dry water bath,PIPO,Seidel 1986,Pinus ponderosa,"",1,2
51.8,10,0.93,14 to 28,greenhouse,dry water bath,PIPO,Seidel 1986,Pinus ponderosa,"",1,2
51.8,20,1,14 to 28,greenhouse,dry water bath,PIPO,Seidel 1986,Pinus ponderosa,"",1,2
51.8,30,0.94,14 to 28,greenhouse,dry water bath,PIPO,Seidel 1986,Pinus ponderosa,"",1,2
51.8,60,0.64,14 to 28,greenhouse,dry water bath,PIPO,Seidel 1986,Pinus ponderosa,"",1,2
51.8,180,0,14 to 28,greenhouse,dry water bath,PIPO,Seidel 1986,Pinus ponderosa,"",0,2
51.8,300,0,14 to 28,greenhouse,dry water bath,PIPO,Seidel 1986,Pinus ponderosa,"",0,2
54.4,1,1,14 to 28,greenhouse,dry water bath,PIPO,Seidel 1986,Pinus ponderosa,"",1,3
54.4,5,0.79,14 to 28,greenhouse,dry water bath,PIPO,Seidel 1986,Pinus ponderosa,"",1,3
54.4,10,0.47,14 to 28,greenhouse,dry water bath,PIPO,Seidel 1986,Pinus ponderosa,"",1,3
54.4,20,0.15,14 to 28,greenhouse,dry water bath,PIPO,Seidel 1986,Pinus ponderosa,"",1,3
54.4,30,0,14 to 28,greenhouse,dry water bath,PIPO,Seidel 1986,Pinus ponderosa,"",0,3
54.4,60,0,14 to 28,greenhouse,dry water bath,PIPO,Seidel 1986,Pinus ponderosa,"",0,3
54.4,180,0,14 to 28,greenhouse,dry water bath,PIPO,Seidel 1986,Pinus ponderosa,"",0,3
54.4,300,0,14 to 28,greenhouse,dry water bath,PIPO,Seidel 1986,Pinus ponderosa,"",0,3
57.2,1,0.79,14 to 28,greenhouse,dry water bath,PIPO,Seidel 1986,Pinus ponderosa,"",1,4
57.2,5,0.28,14 to 28,greenhouse,dry water bath,PIPO,Seidel 1986,Pinus ponderosa,"",1,4
57.2,10,0,14 to 28,greenhouse,dry water bath,PIPO,Seidel 1986,Pinus ponderosa,"",0,4
57.2,20,0,14 to 28,greenhouse,dry water bath,PIPO,Seidel 1986,Pinus ponderosa,"",0,4
57.2,30,0,14 to 28,greenhouse,dry water bath,PIPO,Seidel 1986,Pinus ponderosa,"",0,4
57.2,60,0,14 to 28,greenhouse,dry water bath,PIPO,Seidel 1986,Pinus ponderosa,"",0,4
57.2,180,0,14 to 28,greenhouse,dry water bath,PIPO,Seidel 1986,Pinus ponderosa,"",0,4
57.2,300,0,14 to 28,greenhouse,dry water bath,PIPO,Seidel 1986,Pinus ponderosa,"",0,4
60,1,0.47,14 to 28,greenhouse,dry water bath,PIPO,Seidel 1986,Pinus ponderosa,"",1,5
60,5,0,14 to 28,greenhouse,dry water bath,PIPO,Seidel 1986,Pinus ponderosa,"",0,5
60,10,0,14 to 28,greenhouse,dry water bath,PIPO,Seidel 1986,Pinus ponderosa,"",0,5
60,20,0,14 to 28,greenhouse,dry water bath,PIPO,Seidel 1986,Pinus ponderosa,"",0,5
60,30,0,14 to 28,greenhouse,dry water bath,PIPO,Seidel 1986,Pinus ponderosa,"",0,5
60,60,0,14 to 28,greenhouse,dry water bath,PIPO,Seidel 1986,Pinus ponderosa,"",0,5
60,180,0,14 to 28,greenhouse,dry water bath,PIPO,Seidel 1986,Pinus ponderosa,"",0,5
60,300,0,14 to 28,greenhouse,dry water bath,PIPO,Seidel 1986,Pinus ponderosa,"",0,5
62.8,1,0,14 to 28,greenhouse,dry water bath,PIPO,Seidel 1986,Pinus ponderosa,"",0,6
62.8,5,0,14 to 28,greenhouse,dry water bath,PIPO,Seidel 1986,Pinus ponderosa,"",0,6
62.8,10,0,14 to 28,greenhouse,dry water bath,PIPO,Seidel 1986,Pinus ponderosa,"",0,6
62.8,20,0,14 to 28,greenhouse,dry water bath,PIPO,Seidel 1986,Pinus ponderosa,"",0,6
62.8,30,0,14 to 28,greenhouse,dry water bath,PIPO,Seidel 1986,Pinus ponderosa,"",0,6
62.8,60,0,14 to 28,greenhouse,dry water bath,PIPO,Seidel 1986,Pinus ponderosa,"",0,6
62.8,180,0,14 to 28,greenhouse,dry water bath,PIPO,Seidel 1986,Pinus ponderosa,"",0,6
62.8,300,0,14 to 28,greenhouse,dry water bath,PIPO,Seidel 1986,Pinus ponderosa,"",0,6
48.8,1,1,14 to 28,greenhouse,dry water bath,PSME,Seidel 1986,Pseudotsuga menziesii,"",1,7
48.8,5,0.94,14 to 28,greenhouse,dry water bath,PSME,Seidel 1986,Pseudotsuga menziesii,"",1,7
48.8,10,1,14 to 28,greenhouse,dry water bath,PSME,Seidel 1986,Pseudotsuga menziesii,"",1,7
48.8,20,0.75,14 to 28,greenhouse,dry water bath,PSME,Seidel 1986,Pseudotsuga menziesii,"",1,7
48.8,30,0.47,14 to 28,greenhouse,dry water bath,PSME,Seidel 1986,Pseudotsuga menziesii,"",1,7
48.8,60,0.32,14 to 28,greenhouse,dry water bath,PSME,Seidel 1986,Pseudotsuga menziesii,"",1,7
48.8,180,0.79,14 to 28,greenhouse,dry water bath,PSME,Seidel 1986,Pseudotsuga menziesii,"",1,7
48.8,300,0.43,14 to 28,greenhouse,dry water bath,PSME,Seidel 1986,Pseudotsuga menziesii,"",1,7
51.8,1,0.84,14 to 28,greenhouse,dry water bath,PSME,Seidel 1986,Pseudotsuga menziesii,"",1,8
51.8,5,0.84,14 to 28,greenhouse,dry water bath,PSME,Seidel 1986,Pseudotsuga menziesii,"",1,8
51.8,10,1,14 to 28,greenhouse,dry water bath,PSME,Seidel 1986,Pseudotsuga menziesii,"",1,8
51.8,20,0.75,14 to 28,greenhouse,dry water bath,PSME,Seidel 1986,Pseudotsuga menziesii,"",1,8
51.8,30,0.5,14 to 28,greenhouse,dry water bath,PSME,Seidel 1986,Pseudotsuga menziesii,"",1,8
51.8,60,0.29,14 to 28,greenhouse,dry water bath,PSME,Seidel 1986,Pseudotsuga menziesii,"",1,8
51.8,180,0,14 to 28,greenhouse,dry water bath,PSME,Seidel 1986,Pseudotsuga menziesii,"",0,8
51.8,300,0,14 to 28,greenhouse,dry water bath,PSME,Seidel 1986,Pseudotsuga menziesii,"",0,8
54.4,1,0.87,14 to 28,greenhouse,dry water bath,PSME,Seidel 1986,Pseudotsuga menziesii,"",1,9
54.4,5,0.5,14 to 28,greenhouse,dry water bath,PSME,Seidel 1986,Pseudotsuga menziesii,"",1,9
54.4,10,0.22,14 to 28,greenhouse,dry water bath,PSME,Seidel 1986,Pseudotsuga menziesii,"",1,9
54.4,20,0.15,14 to 28,greenhouse,dry water bath,PSME,Seidel 1986,Pseudotsuga menziesii,"",1,9
54.4,30,0,14 to 28,greenhouse,dry water bath,PSME,Seidel 1986,Pseudotsuga menziesii,"",0,9
54.4,60,0,14 to 28,greenhouse,dry water bath,PSME,Seidel 1986,Pseudotsuga menziesii,"",0,9
54.4,180,0,14 to 28,greenhouse,dry water bath,PSME,Seidel 1986,Pseudotsuga menziesii,"",0,9
54.4,300,0,14 to 28,greenhouse,dry water bath,PSME,Seidel 1986,Pseudotsuga menziesii,"",0,9
57.2,1,0.72,14 to 28,greenhouse,dry water bath,PSME,Seidel 1986,Pseudotsuga menziesii,"",1,10
57.2,5,0.17,14 to 28,greenhouse,dry water bath,PSME,Seidel 1986,Pseudotsuga menziesii,"",1,10
57.2,10,0,14 to 28,greenhouse,dry water bath,PSME,Seidel 1986,Pseudotsuga menziesii,"",0,10
57.2,20,0,14 to 28,greenhouse,dry water bath,PSME,Seidel 1986,Pseudotsuga menziesii,"",0,10
57.2,30,0,14 to 28,greenhouse,dry water bath,PSME,Seidel 1986,Pseudotsuga menziesii,"",0,10
57.2,60,0,14 to 28,greenhouse,dry water bath,PSME,Seidel 1986,Pseudotsuga menziesii,"",0,10
57.2,180,0,14 to 28,greenhouse,dry water bath,PSME,Seidel 1986,Pseudotsuga menziesii,"",0,10
57.2,300,0,14 to 28,greenhouse,dry water bath,PSME,Seidel 1986,Pseudotsuga menziesii,"",0,10
60,1,0.5,14 to 28,greenhouse,dry water bath,PSME,Seidel 1986,Pseudotsuga menziesii,"",1,11
60,5,0,14 to 28,greenhouse,dry water bath,PSME,Seidel 1986,Pseudotsuga menziesii,"",0,11
60,10,0,14 to 28,greenhouse,dry water bath,PSME,Seidel 1986,Pseudotsuga menziesii,"",0,11
60,20,0,14 to 28,greenhouse,dry water bath,PSME,Seidel 1986,Pseudotsuga menziesii,"",0,11
60,30,0,14 to 28,greenhouse,dry water bath,PSME,Seidel 1986,Pseudotsuga menziesii,"",0,11
60,60,0,14 to 28,greenhouse,dry water bath,PSME,Seidel 1986,Pseudotsuga menziesii,"",0,11
60,180,0,14 to 28,greenhouse,dry water bath,PSME,Seidel 1986,Pseudotsuga menziesii,"",0,11
60,300,0,14 to 28,greenhouse,dry water bath,PSME,Seidel 1986,Pseudotsuga menziesii,"",0,11
62.8,1,0,14 to 28,greenhouse,dry water bath,PSME,Seidel 1986,Pseudotsuga menziesii,"",0,12
62.8,5,0,14 to 28,greenhouse,dry water bath,PSME,Seidel 1986,Pseudotsuga menziesii,"",0,12
62.8,10,0,14 to 28,greenhouse,dry water bath,PSME,Seidel 1986,Pseudotsuga menziesii,"",0,12
62.8,20,0,14 to 28,greenhouse,dry water bath,PSME,Seidel 1986,Pseudotsuga menziesii,"",0,12
62.8,30,0,14 to 28,greenhouse,dry water bath,PSME,Seidel 1986,Pseudotsuga menziesii,"",0,12
62.8,60,0,14 to 28,greenhouse,dry water bath,PSME,Seidel 1986,Pseudotsuga menziesii,"",0,12
62.8,180,0,14 to 28,greenhouse,dry water bath,PSME,Seidel 1986,Pseudotsuga menziesii,"",0,12
62.8,300,0,14 to 28,greenhouse,dry water bath,PSME,Seidel 1986,Pseudotsuga menziesii,"",0,12
48.8,1,1,14 to 28,greenhouse,dry water bath,ABGR,Seidel 1986,Abies grandis,"",1,13
48.8,5,1,14 to 28,greenhouse,dry water bath,ABGR,Seidel 1986,Abies grandis,"",1,13
48.8,10,0.93,14 to 28,greenhouse,dry water bath,ABGR,Seidel 1986,Abies grandis,"",1,13
48.8,20,1,14 to 28,greenhouse,dry water bath,ABGR,Seidel 1986,Abies grandis,"",1,13
48.8,30,1,14 to 28,greenhouse,dry water bath,ABGR,Seidel 1986,Abies grandis,"",1,13
48.8,60,0.86,14 to 28,greenhouse,dry water bath,ABGR,Seidel 1986,Abies grandis,"",1,13
48.8,180,0,14 to 28,greenhouse,dry water bath,ABGR,Seidel 1986,Abies grandis,"",0,13
48.8,300,0,14 to 28,greenhouse,dry water bath,ABGR,Seidel 1986,Abies grandis,"",0,13
51.8,1,0.93,14 to 28,greenhouse,dry water bath,ABGR,Seidel 1986,Abies grandis,"",1,14
51.8,5,0.59,14 to 28,greenhouse,dry water bath,ABGR,Seidel 1986,Abies grandis,"",1,14
51.8,10,0.36,14 to 28,greenhouse,dry water bath,ABGR,Seidel 1986,Abies grandis,"",1,14
51.8,20,0.72,14 to 28,greenhouse,dry water bath,ABGR,Seidel 1986,Abies grandis,"",1,14
51.8,30,0.29,14 to 28,greenhouse,dry water bath,ABGR,Seidel 1986,Abies grandis,"",1,14
51.8,60,0,14 to 28,greenhouse,dry water bath,ABGR,Seidel 1986,Abies grandis,"",0,14
51.8,180,0,14 to 28,greenhouse,dry water bath,ABGR,Seidel 1986,Abies grandis,"",0,14
51.8,300,0,14 to 28,greenhouse,dry water bath,ABGR,Seidel 1986,Abies grandis,"",0,14
54.4,1,1,14 to 28,greenhouse,dry water bath,ABGR,Seidel 1986,Abies grandis,"",1,15
54.4,5,0.61,14 to 28,greenhouse,dry water bath,ABGR,Seidel 1986,Abies grandis,"",1,15
54.4,10,0,14 to 28,greenhouse,dry water bath,ABGR,Seidel 1986,Abies grandis,"",0,15
54.4,20,0,14 to 28,greenhouse,dry water bath,ABGR,Seidel 1986,Abies grandis,"",0,15
54.4,30,0,14 to 28,greenhouse,dry water bath,ABGR,Seidel 1986,Abies grandis,"",0,15
54.4,60,0,14 to 28,greenhouse,dry water bath,ABGR,Seidel 1986,Abies grandis,"",0,15
54.4,180,0,14 to 28,greenhouse,dry water bath,ABGR,Seidel 1986,Abies grandis,"",0,15
54.4,300,0,14 to 28,greenhouse,dry water bath,ABGR,Seidel 1986,Abies grandis,"",0,15
57.2,1,0.86,14 to 28,greenhouse,dry water bath,ABGR,Seidel 1986,Abies grandis,"",1,16
57.2,5,0,14 to 28,greenhouse,dry water bath,ABGR,Seidel 1986,Abies grandis,"",0,16
57.2,10,0,14 to 28,greenhouse,dry water bath,ABGR,Seidel 1986,Abies grandis,"",0,16
57.2,20,0,14 to 28,greenhouse,dry water bath,ABGR,Seidel 1986,Abies grandis,"",0,16
57.2,30,0,14 to 28,greenhouse,dry water bath,ABGR,Seidel 1986,Abies grandis,"",0,16
57.2,60,0,14 to 28,greenhouse,dry water bath,ABGR,Seidel 1986,Abies grandis,"",0,16
57.2,180,0,14 to 28,greenhouse,dry water bath,ABGR,Seidel 1986,Abies grandis,"",0,16
57.2,300,0,14 to 28,greenhouse,dry water bath,ABGR,Seidel 1986,Abies grandis,"",0,16
60,1,0.22,14 to 28,greenhouse,dry water bath,ABGR,Seidel 1986,Abies grandis,"",1,17
60,5,0,14 to 28,greenhouse,dry water bath,ABGR,Seidel 1986,Abies grandis,"",0,17
60,10,0,14 to 28,greenhouse,dry water bath,ABGR,Seidel 1986,Abies grandis,"",0,17
60,20,0,14 to 28,greenhouse,dry water bath,ABGR,Seidel 1986,Abies grandis,"",0,17
60,30,0,14 to 28,greenhouse,dry water bath,ABGR,Seidel 1986,Abies grandis,"",0,17
60,60,0,14 to 28,greenhouse,dry water bath,ABGR,Seidel 1986,Abies grandis,"",0,17
60,180,0,14 to 28,greenhouse,dry water bath,ABGR,Seidel 1986,Abies grandis,"",0,17
60,300,0,14 to 28,greenhouse,dry water bath,ABGR,Seidel 1986,Abies grandis,"",0,17
62.8,1,0.1,14 to 28,greenhouse,dry water bath,ABGR,Seidel 1986,Abies grandis,"",1,18
62.8,5,0,14 to 28,greenhouse,dry water bath,ABGR,Seidel 1986,Abies grandis,"",0,18
62.8,10,0,14 to 28,greenhouse,dry water bath,ABGR,Seidel 1986,Abies grandis,"",0,18
62.8,20,0,14 to 28,greenhouse,dry water bath,ABGR,Seidel 1986,Abies grandis,"",0,18
62.8,30,0,14 to 28,greenhouse,dry water bath,ABGR,Seidel 1986,Abies grandis,"",0,18
62.8,60,0,14 to 28,greenhouse,dry water bath,ABGR,Seidel 1986,Abies grandis,"",0,18
62.8,180,0,14 to 28,greenhouse,dry water bath,ABGR,Seidel 1986,Abies grandis,"",0,18
62.8,300,0,14 to 28,greenhouse,dry water bath,ABGR,Seidel 1986,Abies grandis,"",0,18
48.8,1,1,14 to 28,greenhouse,dry water bath,PIEN,Seidel 1986,Picea engelmannii,"",1,19
48.8,5,0.65,14 to 28,greenhouse,dry water bath,PIEN,Seidel 1986,Picea engelmannii,"",1,19
48.8,10,0.71,14 to 28,greenhouse,dry water bath,PIEN,Seidel 1986,Picea engelmannii,"",1,19
48.8,20,0.71,14 to 28,greenhouse,dry water bath,PIEN,Seidel 1986,Picea engelmannii,"",1,19
48.8,30,0.67,14 to 28,greenhouse,dry water bath,PIEN,Seidel 1986,Picea engelmannii,"",1,19
48.8,60,0.31,14 to 28,greenhouse,dry water bath,PIEN,Seidel 1986,Picea engelmannii,"",1,19
48.8,180,0.23,14 to 28,greenhouse,dry water bath,PIEN,Seidel 1986,Picea engelmannii,"",1,19
48.8,300,0,14 to 28,greenhouse,dry water bath,PIEN,Seidel 1986,Picea engelmannii,"",0,19
51.8,1,0.72,14 to 28,greenhouse,dry water bath,PIEN,Seidel 1986,Picea engelmannii,"",1,20
51.8,5,0.5,14 to 28,greenhouse,dry water bath,PIEN,Seidel 1986,Picea engelmannii,"",1,20
51.8,10,0.72,14 to 28,greenhouse,dry water bath,PIEN,Seidel 1986,Picea engelmannii,"",1,20
51.8,20,0.2,14 to 28,greenhouse,dry water bath,PIEN,Seidel 1986,Picea engelmannii,"",1,20
51.8,30,0.74,14 to 28,greenhouse,dry water bath,PIEN,Seidel 1986,Picea engelmannii,"",1,20
51.8,60,0,14 to 28,greenhouse,dry water bath,PIEN,Seidel 1986,Picea engelmannii,"",0,20
51.8,180,0,14 to 28,greenhouse,dry water bath,PIEN,Seidel 1986,Picea engelmannii,"",0,20
51.8,300,0,14 to 28,greenhouse,dry water bath,PIEN,Seidel 1986,Picea engelmannii,"",0,20
54.4,1,1,14 to 28,greenhouse,dry water bath,PIEN,Seidel 1986,Picea engelmannii,"",1,21
54.4,5,0.39,14 to 28,greenhouse,dry water bath,PIEN,Seidel 1986,Picea engelmannii,"",1,21
54.4,10,0.07,14 to 28,greenhouse,dry water bath,PIEN,Seidel 1986,Picea engelmannii,"",1,21
54.4,20,0,14 to 28,greenhouse,dry water bath,PIEN,Seidel 1986,Picea engelmannii,"",0,21
54.4,30,0,14 to 28,greenhouse,dry water bath,PIEN,Seidel 1986,Picea engelmannii,"",0,21
54.4,60,0,14 to 28,greenhouse,dry water bath,PIEN,Seidel 1986,Picea engelmannii,"",0,21
54.4,180,0,14 to 28,greenhouse,dry water bath,PIEN,Seidel 1986,Picea engelmannii,"",0,21
54.4,300,0,14 to 28,greenhouse,dry water bath,PIEN,Seidel 1986,Picea engelmannii,"",0,21
57.2,1,0.53,14 to 28,greenhouse,dry water bath,PIEN,Seidel 1986,Picea engelmannii,"",1,22
57.2,5,0,14 to 28,greenhouse,dry water bath,PIEN,Seidel 1986,Picea engelmannii,"",0,22
57.2,10,0,14 to 28,greenhouse,dry water bath,PIEN,Seidel 1986,Picea engelmannii,"",0,22
57.2,20,0,14 to 28,greenhouse,dry water bath,PIEN,Seidel 1986,Picea engelmannii,"",0,22
57.2,30,0,14 to 28,greenhouse,dry water bath,PIEN,Seidel 1986,Picea engelmannii,"",0,22
57.2,60,0,14 to 28,greenhouse,dry water bath,PIEN,Seidel 1986,Picea engelmannii,"",0,22
57.2,180,0,14 to 28,greenhouse,dry water bath,PIEN,Seidel 1986,Picea engelmannii,"",0,22
57.2,300,0,14 to 28,greenhouse,dry water bath,PIEN,Seidel 1986,Picea engelmannii,"",0,22
60,1,0,14 to 28,greenhouse,dry water bath,PIEN,Seidel 1986,Picea engelmannii,"",0,23
60,5,0,14 to 28,greenhouse,dry water bath,PIEN,Seidel 1986,Picea engelmannii,"",0,23
60,10,0,14 to 28,greenhouse,dry water bath,PIEN,Seidel 1986,Picea engelmannii,"",0,23
60,20,0,14 to 28,greenhouse,dry water bath,PIEN,Seidel 1986,Picea engelmannii,"",0,23
60,30,0,14 to 28,greenhouse,dry water bath,PIEN,Seidel 1986,Picea engelmannii,"",0,23
60,60,0,14 to 28,greenhouse,dry water bath,PIEN,Seidel 1986,Picea engelmannii,"",0,23
60,180,0,14 to 28,greenhouse,dry water bath,PIEN,Seidel 1986,Picea engelmannii,"",0,23
60,300,0,14 to 28,greenhouse,dry water bath,PIEN,Seidel 1986,Picea engelmannii,"",0,23
62.8,1,0,14 to 28,greenhouse,dry water bath,PIEN,Seidel 1986,Picea engelmannii,"",0,24
62.8,5,0,14 to 28,greenhouse,dry water bath,PIEN,Seidel 1986,Picea engelmannii,"",0,24
62.8,10,0,14 to 28,greenhouse,dry water bath,PIEN,Seidel 1986,Picea engelmannii,"",0,24
62.8,20,0,14 to 28,greenhouse,dry water bath,PIEN,Seidel 1986,Picea engelmannii,"",0,24
62.8,30,0,14 to 28,greenhouse,dry water bath,PIEN,Seidel 1986,Picea engelmannii,"",0,24
62.8,60,0,14 to 28,greenhouse,dry water bath,PIEN,Seidel 1986,Picea engelmannii,"",0,24
62.8,180,0,14 to 28,greenhouse,dry water bath,PIEN,Seidel 1986,Picea engelmannii,"",0,24
62.8,300,0,14 to 28,greenhouse,dry water bath,PIEN,Seidel 1986,Picea engelmannii,"",0,24
40,360,1,47,greenhouse,radiant heat lamp and heating cable,PIEN,Daubenmire 1943,Picea engelmannii,"",1,25
40,360,1,47,greenhouse,radiant heat lamp and heating cable,ABLA,Daubenmire 1943,Abies lasiocarpa,"",1,26
40,360,1,47,greenhouse,radiant heat lamp and heating cable,PSME,Daubenmire 1943,Pseudotsuga menziesii,"",1,27
40,360,1,47,greenhouse,radiant heat lamp and heating cable,PIPO,Daubenmire 1943,Pinus ponderosa,"",1,28
40,360,1,47,greenhouse,radiant heat lamp and heating cable,PIED,Daubenmire 1943,Pinus edulis,"",1,29
45,360,0.89,47,greenhouse,radiant heat lamp and heating cable,PIEN,Daubenmire 1943,Picea engelmannii,"",1,30
45,360,0.91,47,greenhouse,radiant heat lamp and heating cable,ABLA,Daubenmire 1943,Abies lasiocarpa,"",1,31
45,360,1,47,greenhouse,radiant heat lamp and heating cable,PSME,Daubenmire 1943,Pseudotsuga menziesii,"",1,32
45,360,1,47,greenhouse,radiant heat lamp and heating cable,PIPO,Daubenmire 1943,Pinus ponderosa,"",1,33
45,360,1,47,greenhouse,radiant heat lamp and heating cable,PIED,Daubenmire 1943,Pinus edulis,"",1,34
50,360,0.52,47,greenhouse,radiant heat lamp and heating cable,PIEN,Daubenmire 1943,Picea engelmannii,"",1,35
50,360,0.91,47,greenhouse,radiant heat lamp and heating cable,ABLA,Daubenmire 1943,Abies lasiocarpa,"",1,36
50,360,1,47,greenhouse,radiant heat lamp and heating cable,PSME,Daubenmire 1943,Pseudotsuga menziesii,"",1,37
50,360,1,47,greenhouse,radiant heat lamp and heating cable,PIPO,Daubenmire 1943,Pinus ponderosa,"",1,38
50,360,1,47,greenhouse,radiant heat lamp and heating cable,PIED,Daubenmire 1943,Pinus edulis,"",1,39
55,360,0.18,47,greenhouse,radiant heat lamp and heating cable,PIEN,Daubenmire 1943,Picea engelmannii,"",1,40
55,360,0.64,47,greenhouse,radiant heat lamp and heating cable,ABLA,Daubenmire 1943,Abies lasiocarpa,"",1,41
55,360,0.93,47,greenhouse,radiant heat lamp and heating cable,PSME,Daubenmire 1943,Pseudotsuga menziesii,"",1,42
55,360,0.89,47,greenhouse,radiant heat lamp and heating cable,PIPO,Daubenmire 1943,Pinus ponderosa,"",1,43
55,360,1,47,greenhouse,radiant heat lamp and heating cable,PIED,Daubenmire 1943,Pinus edulis,"",1,44
60,360,0.18,47,greenhouse,radiant heat lamp and heating cable,PIEN,Daubenmire 1943,Picea engelmannii,"",1,45
60,360,0.64,47,greenhouse,radiant heat lamp and heating cable,ABLA,Daubenmire 1943,Abies lasiocarpa,"",1,46
60,360,0.73,47,greenhouse,radiant heat lamp and heating cable,PSME,Daubenmire 1943,Pseudotsuga menziesii,"",1,47
60,360,0.89,47,greenhouse,radiant heat lamp and heating cable,PIPO,Daubenmire 1943,Pinus ponderosa,"",1,48
60,360,1,47,greenhouse,radiant heat lamp and heating cable,PIED,Daubenmire 1943,Pinus edulis,"",1,49
54.5,1,1,21,greenhouse,radiant electric heater,PIRA2,Baker 1929,Pinus radiata,"age based on language that just said seedlings were """"a few weeks old""""",1,50
54.5,2,0,21,greenhouse,radiant electric heater,PIRA2,Baker 1929,Pinus radiata,"age based on language that just said seedlings were """"a few weeks old""""",0,50
51.6,1,1,21,greenhouse,radiant electric heater,PIRA2,Baker 1929,Pinus radiata,"age based on language that just said seedlings were """"a few weeks old""""",1,51
51.6,2,1,21,greenhouse,radiant electric heater,PIRA2,Baker 1929,Pinus radiata,"age based on language that just said seedlings were """"a few weeks old""""",1,51
51.6,5,0,21,greenhouse,radiant electric heater,PIRA2,Baker 1929,Pinus radiata,"age based on language that just said seedlings were """"a few weeks old""""",0,51
51.6,15,0,21,greenhouse,radiant electric heater,PIRA2,Baker 1929,Pinus radiata,"age based on language that just said seedlings were """"a few weeks old""""",0,51
48.9,1,0,21,greenhouse,radiant electric heater,PIRA2,Baker 1929,Pinus radiata,"age based on language that just said seedlings were """"a few weeks old""""",0,52
48.9,2,0,21,greenhouse,radiant electric heater,PIRA2,Baker 1929,Pinus radiata,"age based on language that just said seedlings were """"a few weeks old""""",0,52
48.9,5,0,21,greenhouse,radiant electric heater,PIRA2,Baker 1929,Pinus radiata,"age based on language that just said seedlings were """"a few weeks old""""",0,52
48.9,15,0,21,greenhouse,radiant electric heater,PIRA2,Baker 1929,Pinus radiata,"age based on language that just said seedlings were """"a few weeks old""""",0,52
25.94444444,10,1,46,greenhouse,electric heater,PIPO,Bates and Roeser 1924,Pinus ponderosa,"just says """"max soil temp"""", temp may not be constant for whole duration?",1,53
31.5,10,1,46,greenhouse,electric heater,PIPO,Bates and Roeser 1924,Pinus ponderosa,"just says """"max soil temp"""", temp may not be constant for whole duration?",1,54
36.77777778,14,1,46,greenhouse,electric heater,PIPO,Bates and Roeser 1924,Pinus ponderosa,"just says """"max soil temp"""", temp may not be constant for whole duration?",1,55
44.61111111,13,1,46,greenhouse,electric heater,PIPO,Bates and Roeser 1924,Pinus ponderosa,"just says """"max soil temp"""", temp may not be constant for whole duration?",1,56
47.94444444,10,0.833333333,46,greenhouse,electric heater,PIPO,Bates and Roeser 1924,Pinus ponderosa,"just says """"max soil temp"""", temp may not be constant for whole duration?",1,57
56.77777778,10,0.5,46,greenhouse,electric heater,PIPO,Bates and Roeser 1924,Pinus ponderosa,"just says """"max soil temp"""", temp may not be constant for whole duration?",1,58
49.55555556,8,0.666666667,46,greenhouse,electric heater,PIPO,Bates and Roeser 1924,Pinus ponderosa,"just says """"max soil temp"""", temp may not be constant for whole duration?",1,59
47.55555556,5,1,46,greenhouse,electric heater,PIPO,Bates and Roeser 1924,Pinus ponderosa,"just says """"max soil temp"""", temp may not be constant for whole duration?",1,60
47.94444444,6,0.5,46,greenhouse,electric heater,PIPO,Bates and Roeser 1924,Pinus ponderosa,"just says """"max soil temp"""", temp may not be constant for whole duration?",1,57
50.22222222,7,0.666666667,46,greenhouse,electric heater,PIPO,Bates and Roeser 1924,Pinus ponderosa,"just says """"max soil temp"""", temp may not be constant for whole duration?",1,61
25.94444444,10,1,46,greenhouse,electric heater,PICO,Bates and Roeser 1924,Pinus contorta,"just says """"max soil temp"""", temp may not be constant for whole duration?",1,62
31.5,10,1,46,greenhouse,electric heater,PICO,Bates and Roeser 1924,Pinus contorta,"just says """"max soil temp"""", temp may not be constant for whole duration?",1,63
36.77777778,14,1,46,greenhouse,electric heater,PICO,Bates and Roeser 1924,Pinus contorta,"just says """"max soil temp"""", temp may not be constant for whole duration?",1,64
44.61111111,13,1,46,greenhouse,electric heater,PICO,Bates and Roeser 1924,Pinus contorta,"just says """"max soil temp"""", temp may not be constant for whole duration?",1,65
47.94444444,10,1,46,greenhouse,electric heater,PICO,Bates and Roeser 1924,Pinus contorta,"just says """"max soil temp"""", temp may not be constant for whole duration?",1,66
56.77777778,10,0.666666667,46,greenhouse,electric heater,PICO,Bates and Roeser 1924,Pinus contorta,"just says """"max soil temp"""", temp may not be constant for whole duration?",1,67
49.55555556,8,0.666666667,46,greenhouse,electric heater,PICO,Bates and Roeser 1924,Pinus contorta,"just says """"max soil temp"""", temp may not be constant for whole duration?",1,68
47.55555556,5,0.833333333,46,greenhouse,electric heater,PICO,Bates and Roeser 1924,Pinus contorta,"just says """"max soil temp"""", temp may not be constant for whole duration?",1,69
47.94444444,6,1,46,greenhouse,electric heater,PICO,Bates and Roeser 1924,Pinus contorta,"just says """"max soil temp"""", temp may not be constant for whole duration?",1,66
50.22222222,7,0.833333333,46,greenhouse,electric heater,PICO,Bates and Roeser 1924,Pinus contorta,"just says """"max soil temp"""", temp may not be constant for whole duration?",1,70
25.94444444,10,1,46,greenhouse,electric heater,PSME,Bates and Roeser 1924,Pseudotsuga menziesii,"just says """"max soil temp"""", temp may not be constant for whole duration?",1,71
31.5,10,1,46,greenhouse,electric heater,PSME,Bates and Roeser 1924,Pseudotsuga menziesii,"just says """"max soil temp"""", temp may not be constant for whole duration?",1,72
36.77777778,14,0.833333333,46,greenhouse,electric heater,PSME,Bates and Roeser 1924,Pseudotsuga menziesii,"just says """"max soil temp"""", temp may not be constant for whole duration?",1,73
44.61111111,13,1,46,greenhouse,electric heater,PSME,Bates and Roeser 1924,Pseudotsuga menziesii,"just says """"max soil temp"""", temp may not be constant for whole duration?",1,74
47.94444444,10,0.166666667,46,greenhouse,electric heater,PSME,Bates and Roeser 1924,Pseudotsuga menziesii,"just says """"max soil temp"""", temp may not be constant for whole duration?",1,75
56.77777778,10,0,46,greenhouse,electric heater,PSME,Bates and Roeser 1924,Pseudotsuga menziesii,"just says """"max soil temp"""", temp may not be constant for whole duration?",0,76
49.55555556,8,0,46,greenhouse,electric heater,PSME,Bates and Roeser 1924,Pseudotsuga menziesii,"just says """"max soil temp"""", temp may not be constant for whole duration?",0,77
47.55555556,5,0,46,greenhouse,electric heater,PSME,Bates and Roeser 1924,Pseudotsuga menziesii,"just says """"max soil temp"""", temp may not be constant for whole duration?",0,78
47.94444444,6,0,46,greenhouse,electric heater,PSME,Bates and Roeser 1924,Pseudotsuga menziesii,"just says """"max soil temp"""", temp may not be constant for whole duration?",0,75
50.22222222,7,0,46,greenhouse,electric heater,PSME,Bates and Roeser 1924,Pseudotsuga menziesii,"just says """"max soil temp"""", temp may not be constant for whole duration?",0,79
25.94444444,10,1,46,greenhouse,electric heater,PIEN,Bates and Roeser 1924,Picea engelmannii,"just says """"max soil temp"""", temp may not be constant for whole duration?",1,80
31.5,10,1,46,greenhouse,electric heater,PIEN,Bates and Roeser 1924,Picea engelmannii,"just says """"max soil temp"""", temp may not be constant for whole duration?",1,81
36.77777778,14,1,46,greenhouse,electric heater,PIEN,Bates and Roeser 1924,Picea engelmannii,"just says """"max soil temp"""", temp may not be constant for whole duration?",1,82
44.61111111,13,1,46,greenhouse,electric heater,PIEN,Bates and Roeser 1924,Picea engelmannii,"just says """"max soil temp"""", temp may not be constant for whole duration?",1,83
47.94444444,10,0.666666667,46,greenhouse,electric heater,PIEN,Bates and Roeser 1924,Picea engelmannii,"just says """"max soil temp"""", temp may not be constant for whole duration?; PDF blurry, survival # could be wrong",1,84
56.77777778,10,0.166666667,46,greenhouse,electric heater,PIEN,Bates and Roeser 1924,Picea engelmannii,"just says """"max soil temp"""", temp may not be constant for whole duration?; PDF blurry, survival # could be wrong",1,85
49.55555556,8,0.333333333,46,greenhouse,electric heater,PIEN,Bates and Roeser 1924,Picea engelmannii,"just says """"max soil temp"""", temp may not be constant for whole duration?",1,86
47.55555556,5,0,46,greenhouse,electric heater,PIEN,Bates and Roeser 1924,Picea engelmannii,"just says """"max soil temp"""", temp may not be constant for whole duration?",0,87
47.94444444,6,0,46,greenhouse,electric heater,PIEN,Bates and Roeser 1924,Picea engelmannii,"just says """"max soil temp"""", temp may not be constant for whole duration?",0,84
50.22222222,7,0.166666667,46,greenhouse,electric heater,PIEN,Bates and Roeser 1924,Picea engelmannii,"just says """"max soil temp"""", temp may not be constant for whole duration?",1,88
38.88888889,6,1,64,greenhouse,electric heater,PIPO,Bates and Roeser 1924,Pinus ponderosa,"just says """"max soil temp"""", temp may not be constant for whole duration?",1,89
43.33333333,8,0.833333333,64,greenhouse,electric heater,PIPO,Bates and Roeser 1924,Pinus ponderosa,"just says """"max soil temp"""", temp may not be constant for whole duration?",1,90
41.66666667,10,0.833333333,64,greenhouse,electric heater,PIPO,Bates and Roeser 1924,Pinus ponderosa,"just says """"max soil temp"""", temp may not be constant for whole duration?",1,91
41.27777778,12,0.5,64,greenhouse,electric heater,PIPO,Bates and Roeser 1924,Pinus ponderosa,"just says """"max soil temp"""", temp may not be constant for whole duration?",1,92
38.88888889,6,1,64,greenhouse,electric heater,PICO,Bates and Roeser 1924,Pinus ponderosa,"just says """"max soil temp"""", temp may not be constant for whole duration?",1,93
43.33333333,8,1,64,greenhouse,electric heater,PICO,Bates and Roeser 1924,Pinus ponderosa,"just says """"max soil temp"""", temp may not be constant for whole duration?",1,94
41.66666667,10,1,64,greenhouse,electric heater,PICO,Bates and Roeser 1924,Pinus ponderosa,"just says """"max soil temp"""", temp may not be constant for whole duration?",1,95
41.27777778,12,1,64,greenhouse,electric heater,PICO,Bates and Roeser 1924,Pinus ponderosa,"just says """"max soil temp"""", temp may not be constant for whole duration?",1,96
38.88888889,6,0.333333333,64,greenhouse,electric heater,PSME,Bates and Roeser 1924,Pseudotsuga menziesii,"just says """"max soil temp"""", temp may not be constant for whole duration?",1,97
43.33333333,8,0.5,64,greenhouse,electric heater,PSME,Bates and Roeser 1924,Pseudotsuga menziesii,"just says """"max soil temp"""", temp may not be constant for whole duration?",1,98
41.66666667,10,0.5,64,greenhouse,electric heater,PSME,Bates and Roeser 1924,Pseudotsuga menziesii,"just says """"max soil temp"""", temp may not be constant for whole duration?",1,99
41.27777778,12,0.333333333,64,greenhouse,electric heater,PSME,Bates and Roeser 1924,Pseudotsuga menziesii,"just says """"max soil temp"""", temp may not be constant for whole duration?",1,100
38.88888889,6,0.833333333,64,greenhouse,electric heater,PIEN,Bates and Roeser 1924,Picea engelmannii,"just says """"max soil temp"""", temp may not be constant for whole duration?",1,101
43.33333333,8,0.666666667,64,greenhouse,electric heater,PIEN,Bates and Roeser 1924,Picea engelmannii,"just says """"max soil temp"""", temp may not be constant for whole duration?",1,102
41.66666667,10,0.666666667,64,greenhouse,electric heater,PIEN,Bates and Roeser 1924,Picea engelmannii,"just says """"max soil temp"""", temp may not be constant for whole duration?",1,103
41.27777778,12,0.833333333,64,greenhouse,electric heater,PIEN,Bates and Roeser 1924,Picea engelmannii,"just says """"max soil temp"""", temp may not be constant for whole duration?",1,104
41.66666667,128,1,90,greenhouse,electric heater,PIPO,Bates and Roeser 1924,Pinus ponderosa,"just says """"max soil temp"""", temp may not be constant for whole duration?",1,91
38.88888889,78,1,90,greenhouse,electric heater,PIPO,Bates and Roeser 1924,Pinus ponderosa,"just says """"max soil temp"""", temp may not be constant for whole duration?",1,89
40.83333333,30,1,90,greenhouse,electric heater,PIPO,Bates and Roeser 1924,Pinus ponderosa,"just says """"max soil temp"""", temp may not be constant for whole duration?",1,105
40.83333333,87,1,90,greenhouse,electric heater,PIPO,Bates and Roeser 1924,Pinus ponderosa,"just says """"max soil temp"""", temp may not be constant for whole duration?",1,105
44.5,30,1,90,greenhouse,electric heater,PIPO,Bates and Roeser 1924,Pinus ponderosa,"just says """"max soil temp"""", temp may not be constant for whole duration?",1,106
48.61111111,30,1,90,greenhouse,electric heater,PIPO,Bates and Roeser 1924,Pinus ponderosa,"just says """"max soil temp"""", temp may not be constant for whole duration?",1,107
54.55555556,35,1,90,greenhouse,electric heater,PIPO,Bates and Roeser 1924,Pinus ponderosa,"just says """"max soil temp"""", temp may not be constant for whole duration?",1,108
48.33333333,15,1,90,greenhouse,electric heater,PIPO,Bates and Roeser 1924,Pinus ponderosa,"just says """"max soil temp"""", temp may not be constant for whole duration?",1,109
61,50,0.5,90,greenhouse,electric heater,PIPO,Bates and Roeser 1924,Pinus ponderosa,"just says """"max soil temp"""", temp may not be constant for whole duration?",1,110
50.55555556,12,1,90,greenhouse,electric heater,PIPO,Bates and Roeser 1924,Pinus ponderosa,"just says """"max soil temp"""", temp may not be constant for whole duration?",1,111
49.72222222,15,0.833333333,90,greenhouse,electric heater,PIPO,Bates and Roeser 1924,Pinus ponderosa,"just says """"max soil temp"""", temp may not be constant for whole duration?",1,112
52.66666667,12,1,90,greenhouse,electric heater,PIPO,Bates and Roeser 1924,Pinus ponderosa,"just says """"max soil temp"""", temp may not be constant for whole duration?",1,113
62.66666667,30,0.333333333,90,greenhouse,electric heater,PIPO,Bates and Roeser 1924,Pinus ponderosa,"just says """"max soil temp"""", temp may not be constant for whole duration?",1,114
41.66666667,128,1,90,greenhouse,electric heater,PICO,Bates and Roeser 1924,Pinus contorta,"just says """"max soil temp"""", temp may not be constant for whole duration?",1,95
38.88888889,78,1,90,greenhouse,electric heater,PICO,Bates and Roeser 1924,Pinus contorta,"just says """"max soil temp"""", temp may not be constant for whole duration?",1,93
40.83333333,30,1,90,greenhouse,electric heater,PICO,Bates and Roeser 1924,Pinus contorta,"just says """"max soil temp"""", temp may not be constant for whole duration?",1,115
40.83333333,87,1,90,greenhouse,electric heater,PICO,Bates and Roeser 1924,Pinus contorta,"just says """"max soil temp"""", temp may not be constant for whole duration?",1,115
44.5,30,1,90,greenhouse,electric heater,PICO,Bates and Roeser 1924,Pinus contorta,"just says """"max soil temp"""", temp may not be constant for whole duration?",1,116
48.61111111,30,1,90,greenhouse,electric heater,PICO,Bates and Roeser 1924,Pinus contorta,"just says """"max soil temp"""", temp may not be constant for whole duration?",1,117
54.55555556,35,0.833333333,90,greenhouse,electric heater,PICO,Bates and Roeser 1924,Pinus contorta,"just says """"max soil temp"""", temp may not be constant for whole duration?",1,118
48.33333333,15,1,90,greenhouse,electric heater,PICO,Bates and Roeser 1924,Pinus contorta,"just says """"max soil temp"""", temp may not be constant for whole duration?",1,119
61,50,0.5,90,greenhouse,electric heater,PICO,Bates and Roeser 1924,Pinus contorta,"just says """"max soil temp"""", temp may not be constant for whole duration?",1,120
50.55555556,12,1,90,greenhouse,electric heater,PICO,Bates and Roeser 1924,Pinus contorta,"just says """"max soil temp"""", temp may not be constant for whole duration?",1,121
49.72222222,15,1,90,greenhouse,electric heater,PICO,Bates and Roeser 1924,Pinus contorta,"just says """"max soil temp"""", temp may not be constant for whole duration?",1,122
52.66666667,12,1,90,greenhouse,electric heater,PICO,Bates and Roeser 1924,Pinus contorta,"just says """"max soil temp"""", temp may not be constant for whole duration?",1,123
62.66666667,30,0.5,90,greenhouse,electric heater,PICO,Bates and Roeser 1924,Pinus contorta,"just says """"max soil temp"""", temp may not be constant for whole duration?",1,124
41.66666667,128,1,90,greenhouse,electric heater,PSME,Bates and Roeser 1924,Pseudotsuga menziesii,"just says """"max soil temp"""", temp may not be constant for whole duration?",1,99
38.88888889,78,1,90,greenhouse,electric heater,PSME,Bates and Roeser 1924,Pseudotsuga menziesii,"just says """"max soil temp"""", temp may not be constant for whole duration?",1,97
40.83333333,30,1,90,greenhouse,electric heater,PSME,Bates and Roeser 1924,Pseudotsuga menziesii,"just says """"max soil temp"""", temp may not be constant for whole duration?",1,125
40.83333333,87,1,90,greenhouse,electric heater,PSME,Bates and Roeser 1924,Pseudotsuga menziesii,"just says """"max soil temp"""", temp may not be constant for whole duration?",1,125
44.5,30,1,90,greenhouse,electric heater,PSME,Bates and Roeser 1924,Pseudotsuga menziesii,"just says """"max soil temp"""", temp may not be constant for whole duration?",1,126
48.61111111,30,1,90,greenhouse,electric heater,PSME,Bates and Roeser 1924,Pseudotsuga menziesii,"just says """"max soil temp"""", temp may not be constant for whole duration?",1,127
54.55555556,35,0.833333333,90,greenhouse,electric heater,PSME,Bates and Roeser 1924,Pseudotsuga menziesii,"just says """"max soil temp"""", temp may not be constant for whole duration?",1,128
48.33333333,15,1,90,greenhouse,electric heater,PSME,Bates and Roeser 1924,Pseudotsuga menziesii,"just says """"max soil temp"""", temp may not be constant for whole duration?",1,129
61,50,0.5,90,greenhouse,electric heater,PSME,Bates and Roeser 1924,Pseudotsuga menziesii,"just says """"max soil temp"""", temp may not be constant for whole duration?",1,130
50.55555556,12,0.6,90,greenhouse,electric heater,PSME,Bates and Roeser 1924,Pseudotsuga menziesii,"just says """"max soil temp"""", temp may not be constant for whole duration?",1,131
49.72222222,15,0.5,90,greenhouse,electric heater,PSME,Bates and Roeser 1924,Pseudotsuga menziesii,"just says """"max soil temp"""", temp may not be constant for whole duration?",1,132
52.66666667,12,0.666666667,90,greenhouse,electric heater,PSME,Bates and Roeser 1924,Pseudotsuga menziesii,"just says """"max soil temp"""", temp may not be constant for whole duration?",1,133
62.66666667,30,0,90,greenhouse,electric heater,PSME,Bates and Roeser 1924,Pseudotsuga menziesii,"just says """"max soil temp"""", temp may not be constant for whole duration?",0,134
41.66666667,128,1,90,greenhouse,electric heater,PIEN,Bates and Roeser 1924,Picea engelmannii,"just says """"max soil temp"""", temp may not be constant for whole duration?",1,103
38.88888889,78,1,90,greenhouse,electric heater,PIEN,Bates and Roeser 1924,Picea engelmannii,"just says """"max soil temp"""", temp may not be constant for whole duration?",1,101
40.83333333,30,1,90,greenhouse,electric heater,PIEN,Bates and Roeser 1924,Picea engelmannii,"just says """"max soil temp"""", temp may not be constant for whole duration?",1,135
40.83333333,87,1,90,greenhouse,electric heater,PIEN,Bates and Roeser 1924,Picea engelmannii,"just says """"max soil temp"""", temp may not be constant for whole duration?",1,135
44.5,30,1,90,greenhouse,electric heater,PIEN,Bates and Roeser 1924,Picea engelmannii,"just says """"max soil temp"""", temp may not be constant for whole duration?",1,136
48.61111111,30,1,90,greenhouse,electric heater,PIEN,Bates and Roeser 1924,Picea engelmannii,"just says """"max soil temp"""", temp may not be constant for whole duration?",1,137
54.55555556,35,0.666666667,90,greenhouse,electric heater,PIEN,Bates and Roeser 1924,Picea engelmannii,"just says """"max soil temp"""", temp may not be constant for whole duration?",1,138
48.33333333,15,0.833333333,90,greenhouse,electric heater,PIEN,Bates and Roeser 1924,Picea engelmannii,"just says """"max soil temp"""", temp may not be constant for whole duration?",1,139
61,50,0.666666667,90,greenhouse,electric heater,PIEN,Bates and Roeser 1924,Picea engelmannii,"just says """"max soil temp"""", temp may not be constant for whole duration?",1,140
50.55555556,12,1,90,greenhouse,electric heater,PIEN,Bates and Roeser 1924,Picea engelmannii,"just says """"max soil temp"""", temp may not be constant for whole duration?",1,141
49.72222222,15,0.666666667,90,greenhouse,electric heater,PIEN,Bates and Roeser 1924,Picea engelmannii,"just says """"max soil temp"""", temp may not be constant for whole duration?",1,142
52.66666667,12,0.666666667,90,greenhouse,electric heater,PIEN,Bates and Roeser 1924,Picea engelmannii,"just says """"max soil temp"""", temp may not be constant for whole duration?",1,143
62.66666667,30,0.666666667,90,greenhouse,electric heater,PIEN,Bates and Roeser 1924,Picea engelmannii,"just says """"max soil temp"""", temp may not be constant for whole duration?",1,144
47.77777778,300,0.666666667,7 to 20,laboratory,dry water bath,PSME,Silen 1960,Pseudotsuga menziesii,estimated from graph,1,145
49.44444444,300,0.666666667,7 to 20,laboratory,dry water bath,PSME,Silen 1960,Pseudotsuga menziesii,estimated from graph,1,146
50,300,0.666666667,7 to 20,laboratory,dry water bath,PSME,Silen 1960,Pseudotsuga menziesii,estimated from graph,1,147
48.88888889,187,0.666666667,7 to 20,laboratory,dry water bath,PSME,Silen 1960,Pseudotsuga menziesii,estimated from graph,1,148
50,90,0.666666667,7 to 20,laboratory,dry water bath,PSME,Silen 1960,Pseudotsuga menziesii,estimated from graph,1,147
51.11111111,120,0.666666667,7 to 20,laboratory,dry water bath,PSME,Silen 1960,Pseudotsuga menziesii,estimated from graph,1,149
51.66666667,92,0.666666667,7 to 20,laboratory,dry water bath,PSME,Silen 1960,Pseudotsuga menziesii,estimated from graph,1,150
55,28,0.666666667,7 to 20,laboratory,dry water bath,PSME,Silen 1960,Pseudotsuga menziesii,estimated from graph,1,151
56.11111111,7,0.666666667,7 to 20,laboratory,dry water bath,PSME,Silen 1960,Pseudotsuga menziesii,estimated from graph,1,152
51.11111111,299,0.333333333,7 to 20,laboratory,dry water bath,PSME,Silen 1960,Pseudotsuga menziesii,estimated from graph,1,149
52.22222222,240,0,7 to 20,laboratory,dry water bath,PSME,Silen 1960,Pseudotsuga menziesii,estimated from graph,0,153
52.22222222,180,0,7 to 20,laboratory,dry water bath,PSME,Silen 1960,Pseudotsuga menziesii,estimated from graph,0,153
52.22222222,152,0,7 to 20,laboratory,dry water bath,PSME,Silen 1960,Pseudotsuga menziesii,estimated from graph,0,153
52.22222222,120,0,7 to 20,laboratory,dry water bath,PSME,Silen 1960,Pseudotsuga menziesii,estimated from graph,0,153
52.77777778,142,0,7 to 20,laboratory,dry water bath,PSME,Silen 1960,Pseudotsuga menziesii,estimated from graph,0,154
52.77777778,135,0,7 to 20,laboratory,dry water bath,PSME,Silen 1960,Pseudotsuga menziesii,estimated from graph,0,154
52.77777778,90,0,7 to 20,laboratory,dry water bath,PSME,Silen 1960,Pseudotsuga menziesii,estimated from graph,0,154
53.33333333,62,0,7 to 20,laboratory,dry water bath,PSME,Silen 1960,Pseudotsuga menziesii,estimated from graph,0,155
54.44444444,45,0,7 to 20,laboratory,dry water bath,PSME,Silen 1960,Pseudotsuga menziesii,estimated from graph,0,156
55,22,0,7 to 20,laboratory,dry water bath,PSME,Silen 1960,Pseudotsuga menziesii,estimated from graph,0,151
55.55555556,15,0,7 to 20,laboratory,dry water bath,PSME,Silen 1960,Pseudotsuga menziesii,estimated from graph,0,157
56.66666667,27,0,7 to 20,laboratory,dry water bath,PSME,Silen 1960,Pseudotsuga menziesii,estimated from graph,0,158
60,5,0,7 to 20,laboratory,dry water bath,PSME,Silen 1960,Pseudotsuga menziesii,estimated from graph,0,159
60.55555556,4,0,7 to 20,laboratory,dry water bath,PSME,Silen 1960,Pseudotsuga menziesii,estimated from graph,0,160
61.11111111,2,0,7 to 20,laboratory,dry water bath,PSME,Silen 1960,Pseudotsuga menziesii,estimated from graph,0,161
61.66666667,3,0,7 to 20,laboratory,dry water bath,PSME,Silen 1960,Pseudotsuga menziesii,estimated from graph,0,162
62.77777778,1,0,7 to 20,laboratory,dry water bath,PSME,Silen 1960,Pseudotsuga menziesii,estimated from graph,0,163
63.88888889,1,0,7 to 20,laboratory,dry water bath,PSME,Silen 1960,Pseudotsuga menziesii,estimated from graph,0,164
65.55555556,1,0,7 to 20,laboratory,dry water bath,PSME,Silen 1960,Pseudotsuga menziesii,estimated from graph,0,165
66.11111111,1,0,7 to 20,laboratory,dry water bath,PSME,Silen 1960,Pseudotsuga menziesii,estimated from graph,0,166
50.55555556,240,0.666666667,90 to 95,laboratory,dry water bath,PSME,Silen 1960,Pseudotsuga menziesii,estimated from graph,1,167
52.77777778,120,0.666666667,90 to 95,laboratory,dry water bath,PSME,Silen 1960,Pseudotsuga menziesii,estimated from graph,1,154
52.77777778,90,0.666666667,90 to 95,laboratory,dry water bath,PSME,Silen 1960,Pseudotsuga menziesii,estimated from graph,1,154
53.33333333,50,0.666666667,90 to 95,laboratory,dry water bath,PSME,Silen 1960,Pseudotsuga menziesii,estimated from graph,1,155
56.11111111,20,0.666666667,90 to 95,laboratory,dry water bath,PSME,Silen 1960,Pseudotsuga menziesii,estimated from graph,1,152
56.11111111,15,0.666666667,90 to 95,laboratory,dry water bath,PSME,Silen 1960,Pseudotsuga menziesii,estimated from graph,1,152
53.33333333,120,0,90 to 95,laboratory,dry water bath,PSME,Silen 1960,Pseudotsuga menziesii,estimated from graph,0,155
56.11111111,31,0,90 to 95,laboratory,dry water bath,PSME,Silen 1960,Pseudotsuga menziesii,estimated from graph,0,152
56.11111111,45,0,90 to 95,laboratory,dry water bath,PSME,Silen 1960,Pseudotsuga menziesii,estimated from graph,0,152
57.77777778,30,0,90 to 95,laboratory,dry water bath,PSME,Silen 1960,Pseudotsuga menziesii,estimated from graph,0,168
57.77777778,15,0,90 to 95,laboratory,dry water bath,PSME,Silen 1960,Pseudotsuga menziesii,estimated from graph,0,168
57.77777778,5,0,90 to 95,laboratory,dry water bath,PSME,Silen 1960,Pseudotsuga menziesii,estimated from graph,0,168
58.33333333,5,0,90 to 95,laboratory,dry water bath,PSME,Silen 1960,Pseudotsuga menziesii,estimated from graph,0,169
62.77777778,15,0,90 to 95,laboratory,dry water bath,PSME,Silen 1960,Pseudotsuga menziesii,estimated from graph,0,163
62.77777778,14,0,90 to 95,laboratory,dry water bath,PSME,Silen 1960,Pseudotsuga menziesii,estimated from graph,0,163
62.77777778,4,0,90 to 95,laboratory,dry water bath,PSME,Silen 1960,Pseudotsuga menziesii,estimated from graph,0,163
62.77777778,1,0,90 to 95,laboratory,dry water bath,PSME,Silen 1960,Pseudotsuga menziesii,estimated from graph,0,163
63.88888889,10,0,90 to 95,laboratory,dry water bath,PSME,Silen 1960,Pseudotsuga menziesii,estimated from graph,0,164
63.88888889,2,0,90 to 95,laboratory,dry water bath,PSME,Silen 1960,Pseudotsuga menziesii,estimated from graph,0,164
66.66666667,1,0,90 to 95,laboratory,dry water bath,PSME,Silen 1960,Pseudotsuga menziesii,estimated from graph,0,170
60,4,0.333333333,7,laboratory,dry water bath,PSME,Silen 1960,Pseudotsuga menziesii,"",1,159
57.22222222,14,0.333333333,7,laboratory,dry water bath,PSME,Silen 1960,Pseudotsuga menziesii,"",1,171
54.44444444,60,0.333333333,7,laboratory,dry water bath,PSME,Silen 1960,Pseudotsuga menziesii,"",1,156
51.66666667,170,0.333333333,7,laboratory,dry water bath,PSME,Silen 1960,Pseudotsuga menziesii,"",1,150
48.88888889,610,0.333333333,7,laboratory,dry water bath,PSME,Silen 1960,Pseudotsuga menziesii,"",1,148
